{
  "best_model": {
    "model_name": "logistic_regression",
    "best_params": {
      "model__C": 0.1,
      "model__class_weight": "balanced"
    },
    "cv_roc_auc": 0.9027904462687071,
    "accuracy": 0.8852459016393442,
    "precision": 0.8387096774193549,
    "recall": 0.9285714285714286,
    "f1": 0.8813559322033898,
    "roc_auc": 0.9653679653679654,
    "confusion_matrix": [
      [
        28,
        5
      ],
      [
        2,
        26
      ]
    ]
  },
  "all_results": [
    {
      "model_name": "logistic_regression",
      "best_params": {
        "model__C": 0.1,
        "model__class_weight": "balanced"
      },
      "cv_roc_auc": 0.9027904462687071,
      "accuracy": 0.8852459016393442,
      "precision": 0.8387096774193549,
      "recall": 0.9285714285714286,
      "f1": 0.8813559322033898,
      "roc_auc": 0.9653679653679654,
      "confusion_matrix": [
        [
          28,
          5
        ],
        [
          2,
          26
        ]
      ]
    },
    {
      "model_name": "random_forest",
      "best_params": {
        "model__max_depth": 8,
        "model__min_samples_split": 5,
        "model__n_estimators": 100
      },
      "cv_roc_auc": 0.9021463238854543,
      "accuracy": 0.9016393442622951,
      "precision": 0.84375,
      "recall": 0.9642857142857143,
      "f1": 0.9,
      "roc_auc": 0.9534632034632035,
      "confusion_matrix": [
        [
          28,
          5
        ],
        [
          1,
          27
        ]
      ]
    }
  ]
}